COMMAND        ,  RSS
qemu-system-x86,33823984
qemu-system-x86,16924120
qemu-system-x86,16866464
qemu-system-x86,8627980
mysqld         ,7683188
qemu-system-x86,4412644
ceph-osd       ,3034632
ceph-osd       ,2644688
ceph-osd       ,2379332
ceph-osd       ,2281156
ceph-osd       ,1928288
qemu-system-x86,1889148
ceph-osd       ,1744884
ceph-mon       ,953092
ovs-vswitchd   ,731060
openstack-expor,557808
beam.smp       ,431564
ceph-mgr       ,228668
systemd-journal,207168
nova-api       ,167436
nova-api       ,167292
nova-api       ,167032
nova-api       ,166560
nova-api       ,165696
nova-api       ,151364
nova-api       ,151356
nova-api       ,151344
nova-api       ,151328
nova-api       ,151180
nova-compute   ,150908
cinder-volume  ,149688
httpd          ,149572
neutron-server ,148776
httpd          ,148460
httpd          ,147280
httpd          ,147124
httpd          ,146224
neutron-server ,144096
neutron-server ,143596
neutron-server ,142740
neutron-server ,142380
httpd          ,135444
httpd          ,135068
httpd          ,134840
neutron-server ,134792
cinder-volume  ,134640
neutron-server ,134412
neutron-server ,134184
httpd          ,133672
httpd          ,133400
neutron-server ,132436
glance-api     ,124480
nova-api       ,122312
nova-conductor ,120932
neutron-openvsw,120568
nova-conductor ,119632
nova-conductor ,119348
nova-conductor ,119260
nova-conductor ,118876
glance-api     ,117532
glance-api     ,117456
neutron-server ,117152
neutron-server ,116844
neutron-server ,116668
glance-api     ,116516
glance-api     ,116508
nova-scheduler ,113696
cinder-schedule,111540
httpd          ,109256
httpd          ,109156
httpd          ,109120
httpd          ,109096
httpd          ,108972
httpd          ,108392
httpd          ,108360
httpd          ,108340
httpd          ,108332
httpd          ,108116
neutron-server ,107872
cinder-backup  ,106896
glance-api     ,106272
nova-consoleaut,106092
cinder-volume  ,105884
heat-engine    ,103284
heat-engine    ,103244
heat-engine    ,103220
heat-engine    ,103148
heat-engine    ,103132
httpd          ,102564
httpd          ,102424
httpd          ,102308
httpd          ,102304
httpd          ,102196
neutron-dhcp-ag,97100
neutron-l3-agen,96812
heat-engine    ,94744
nova-conductor ,93140
glance-registry,92480
neutron-sriov-n,90248
nova-novncproxy,89656
glance-registry,88632
glance-registry,88632
glance-registry,88632
glance-registry,88632
glance-registry,88632
neutron-metadat,88388
dockerd        ,87396
neutron-metadat,85780
neutron-metadat,85772
neutron-metadat,85728
neutron-metadat,85716
neutron-metadat,85712
heat-api       ,83372
heat-api       ,83136
heat-api       ,83032
heat-api       ,83028
heat-api       ,82468
memcached      ,79444
hs_alarm       ,76700
heat-api       ,76284
heat-api-cfn   ,75204
heat-api-cfn   ,71284
heat-api-cfn   ,71284
heat-api-cfn   ,71284
heat-api-cfn   ,71256
heat-api-cfn   ,71256
skydive        ,59240
containerd     ,48564
libvirtd       ,44064
openstack-expor,43240
hserver        ,41496
fluentd        ,41208
privsep-helper ,36088
vm_exporter.py ,29784
samd           ,28504
syslog-ng      ,28340
tuned          ,26876
fluentd        ,21724
ha_monitor     ,20764
httpd          ,18368
httpd          ,17804
httpd          ,17804
httpd          ,17804
httpd          ,17804
httpd          ,17804
httpd          ,17804
httpd          ,17804
httpd          ,17804
httpd          ,17804
httpd          ,16904
NetworkManager ,16884
polkitd        ,15652
sssd_nss       ,15208
node_exporter  ,13716
systemd        ,12768
ceph-crash     ,12056
sssd_be        ,11720
httpd          ,11428
httpd          ,11332
sssd           ,11200
httpd          ,11192
httpd          ,11168
httpd          ,11164
httpd          ,11152
httpd          ,11056
httpd          ,10832
httpd          ,10668
httpd          ,10588
systemd        ,10384
systemd-udevd  ,10292
httpd          ,10040
httpd          , 9792
httpd          , 9708
httpd          , 9708
httpd          , 9516
httpd          , 9192
httpd          , 9192
httpd          , 9192
httpd          , 9192
httpd          , 9192
httpd          , 9188
httpd          , 9184
httpd          , 9180
httpd          , 8744
httpd          , 8744
httpd          , 8744
httpd          , 8740
httpd          , 8740
httpd          , 8664
httpd          , 8412
systemd-logind , 8240
httpd          , 7928
ovsdb-server   , 7384
systemd-machine, 7228
sshd           , 7184
registry       , 7032
containerd-shim, 6760
sshd           , 6148
containerd-shim, 6132
containerd-shim, 6012
lldpd          , 5984
rngd           , 5960
containerd-shim, 5904
smartd         , 5832
containerd-shim, 5760
dbus-daemon    , 5680
containerd-shim, 5592
containerd-shim, 5584
containerd-shim, 5520
haproxy        , 5508
containerd-shim, 5504
containerd-shim, 5424
containerd-shim, 5308
containerd-shim, 5296
containerd-shim, 5260
rpcbind        , 5216
containerd-shim, 5132
containerd-shim, 5120
ps             , 5088
ovsdb-client   , 5040
keepalived     , 5024
containerd-shim, 5000
auditd         , 4852
containerd-shim, 4852
containerd-shim, 4828
containerd-shim, 4784
irqbalance     , 4656
containerd-shim, 4572
(sd-pam)       , 4532
containerd-shim, 4480
bash           , 4468
containerd-shim, 4300
containerd-shim, 4232
containerd-shim, 4056
ovsdb-client   , 4040
containerd-shim, 4036
haproxy        , 4036
containerd-shim, 3980
containerd-shim, 3956
containerd-shim, 3932
keepalived     , 3896
containerd-shim, 3864
containerd-shim, 3840
keepalived     , 3780
containerd-shim, 3728
containerd-shim, 3648
containerd-shim, 3628
containerd-shim, 3576
containerd-shim, 3516
containerd-shim, 3484
sshd           , 3412
crond          , 3412
containerd-shim, 3412
containerd-shim, 3296
monitor        , 3148
containerd-shim, 3084
gssproxy       , 3052
containerd-shim, 3036
containerd-shim, 2964
docker-proxy   , 2816
lldpd          , 2604
containerd-shim, 2576
haproxy        , 2552
chronyd        , 2484
dnsmasq        , 2460
dnsmasq        , 2432
crond          , 2248
monitor        , 2108
haproxy-systemd, 2052
lsmd           , 1920
prom_exporter  , 1636
agetty         , 1436
inet_gethost   , 1044
epmd           ,  924
bash           ,  904
bash           ,  768
mysqld_safe    ,  700
rabbitmq-server,  588
dnsmasq        ,  428
neutron-l3-agen,  428
dnsmasq        ,  400
start-ovsdb-ser,  188
bash           ,  184
inet_gethost   ,  100
sleep          ,   76
sleep          ,   76
sleep          ,   72
sleep          ,   72
kolla_start    ,    4
kolla_start    ,    4
kolla_start    ,    4
kolla_start    ,    4
kolla_start    ,    4
kolla_start    ,    4
kolla_start    ,    4
kolla_start    ,    4
kolla_start    ,    4
kolla_start    ,    4
kolla_start    ,    4
kolla_start    ,    4
kolla_start    ,    4
kolla_start    ,    4
kolla_start    ,    4
kolla_start    ,    4
kolla_start    ,    4
kolla_start    ,    4
kolla_start    ,    4
kolla_start    ,    4
kolla_start    ,    4
kolla_start    ,    4
kolla_start    ,    4
kolla_start    ,    4
kolla_start    ,    4
kolla_start    ,    4
kolla_start    ,    4
kolla_start    ,    4
kolla_start    ,    4
kolla_start    ,    4
kolla_start    ,    4
kolla_start    ,    4
kolla_start    ,    4
kolla_start    ,    4
kolla_start    ,    4
kolla_start    ,    4
kthreadd       ,    0
rcu_gp         ,    0
rcu_par_gp     ,    0
kworker/0:0H-ev,    0
mm_percpu_wq   ,    0
rcu_tasks_rude_,    0
rcu_tasks_trace,    0
ksoftirqd/0    ,    0
rcu_sched      ,    0
migration/0    ,    0
cpuhp/0        ,    0
cpuhp/1        ,    0
migration/1    ,    0
ksoftirqd/1    ,    0
kworker/1:0H-ev,    0
cpuhp/2        ,    0
migration/2    ,    0
ksoftirqd/2    ,    0
kworker/2:0H-ev,    0
cpuhp/3        ,    0
migration/3    ,    0
ksoftirqd/3    ,    0
kworker/3:0H-ev,    0
cpuhp/4        ,    0
migration/4    ,    0
ksoftirqd/4    ,    0
kworker/4:0H-ev,    0
cpuhp/5        ,    0
migration/5    ,    0
ksoftirqd/5    ,    0
kworker/5:0H-kb,    0
cpuhp/6        ,    0
migration/6    ,    0
ksoftirqd/6    ,    0
kworker/6:0H-ev,    0
cpuhp/7        ,    0
migration/7    ,    0
ksoftirqd/7    ,    0
kworker/7:0H-ev,    0
cpuhp/8        ,    0
migration/8    ,    0
ksoftirqd/8    ,    0
kworker/8:0H-ev,    0
cpuhp/9        ,    0
migration/9    ,    0
ksoftirqd/9    ,    0
kworker/9:0H-kb,    0
cpuhp/10       ,    0
migration/10   ,    0
ksoftirqd/10   ,    0
kworker/10:0H-e,    0
cpuhp/11       ,    0
migration/11   ,    0
ksoftirqd/11   ,    0
kworker/11:0H-e,    0
cpuhp/12       ,    0
migration/12   ,    0
ksoftirqd/12   ,    0
kworker/12:0H-e,    0
cpuhp/13       ,    0
migration/13   ,    0
ksoftirqd/13   ,    0
kworker/13:0H  ,    0
cpuhp/14       ,    0
migration/14   ,    0
ksoftirqd/14   ,    0
kworker/14:0H-e,    0
cpuhp/15       ,    0
migration/15   ,    0
ksoftirqd/15   ,    0
kworker/15:0H-e,    0
cpuhp/16       ,    0
migration/16   ,    0
ksoftirqd/16   ,    0
kworker/16:0H-e,    0
cpuhp/17       ,    0
migration/17   ,    0
ksoftirqd/17   ,    0
kworker/17:0H-e,    0
cpuhp/18       ,    0
migration/18   ,    0
ksoftirqd/18   ,    0
kworker/18:0H-e,    0
cpuhp/19       ,    0
migration/19   ,    0
ksoftirqd/19   ,    0
kworker/19:0H-k,    0
cpuhp/20       ,    0
migration/20   ,    0
ksoftirqd/20   ,    0
kworker/20:0H-e,    0
cpuhp/21       ,    0
migration/21   ,    0
ksoftirqd/21   ,    0
kworker/21:0H-e,    0
cpuhp/22       ,    0
migration/22   ,    0
ksoftirqd/22   ,    0
kworker/22:0H-e,    0
cpuhp/23       ,    0
migration/23   ,    0
ksoftirqd/23   ,    0
kworker/23:0H-e,    0
cpuhp/24       ,    0
migration/24   ,    0
ksoftirqd/24   ,    0
kworker/24:0H-e,    0
cpuhp/25       ,    0
migration/25   ,    0
ksoftirqd/25   ,    0
kworker/25:0H-e,    0
cpuhp/26       ,    0
migration/26   ,    0
ksoftirqd/26   ,    0
kworker/26:0H-e,    0
cpuhp/27       ,    0
migration/27   ,    0
ksoftirqd/27   ,    0
kworker/27:0H-e,    0
cpuhp/28       ,    0
migration/28   ,    0
ksoftirqd/28   ,    0
kworker/28:0H-e,    0
cpuhp/29       ,    0
migration/29   ,    0
ksoftirqd/29   ,    0
kworker/29:0H-e,    0
cpuhp/30       ,    0
migration/30   ,    0
ksoftirqd/30   ,    0
kworker/30:0H-e,    0
cpuhp/31       ,    0
migration/31   ,    0
ksoftirqd/31   ,    0
kworker/31:0H-e,    0
cpuhp/32       ,    0
migration/32   ,    0
ksoftirqd/32   ,    0
kworker/32:0H-e,    0
cpuhp/33       ,    0
migration/33   ,    0
ksoftirqd/33   ,    0
kworker/33:0H-e,    0
cpuhp/34       ,    0
migration/34   ,    0
ksoftirqd/34   ,    0
kworker/34:0H-k,    0
cpuhp/35       ,    0
migration/35   ,    0
ksoftirqd/35   ,    0
kworker/35:0H-e,    0
cpuhp/36       ,    0
migration/36   ,    0
ksoftirqd/36   ,    0
kworker/36:0H-e,    0
cpuhp/37       ,    0
migration/37   ,    0
ksoftirqd/37   ,    0
kworker/37:0H-e,    0
cpuhp/38       ,    0
migration/38   ,    0
ksoftirqd/38   ,    0
kworker/38:0H-e,    0
cpuhp/39       ,    0
migration/39   ,    0
ksoftirqd/39   ,    0
kworker/39:0H  ,    0
cpuhp/40       ,    0
migration/40   ,    0
ksoftirqd/40   ,    0
kworker/40:0H-e,    0
cpuhp/41       ,    0
migration/41   ,    0
ksoftirqd/41   ,    0
kworker/41:0H-e,    0
cpuhp/42       ,    0
migration/42   ,    0
ksoftirqd/42   ,    0
kworker/42:0H-k,    0
cpuhp/43       ,    0
migration/43   ,    0
ksoftirqd/43   ,    0
kworker/43:0H-e,    0
cpuhp/44       ,    0
migration/44   ,    0
ksoftirqd/44   ,    0
kworker/44:0H-e,    0
cpuhp/45       ,    0
migration/45   ,    0
ksoftirqd/45   ,    0
kworker/45:0H-e,    0
cpuhp/46       ,    0
migration/46   ,    0
ksoftirqd/46   ,    0
kworker/46:0H-e,    0
cpuhp/47       ,    0
migration/47   ,    0
ksoftirqd/47   ,    0
kworker/47:0H-e,    0
cpuhp/48       ,    0
migration/48   ,    0
ksoftirqd/48   ,    0
kworker/48:0H-e,    0
cpuhp/49       ,    0
migration/49   ,    0
ksoftirqd/49   ,    0
kworker/49:0H  ,    0
cpuhp/50       ,    0
migration/50   ,    0
ksoftirqd/50   ,    0
kworker/50:0H-e,    0
cpuhp/51       ,    0
migration/51   ,    0
ksoftirqd/51   ,    0
kworker/51:0H-k,    0
cpuhp/52       ,    0
migration/52   ,    0
ksoftirqd/52   ,    0
kworker/52:0H-e,    0
cpuhp/53       ,    0
migration/53   ,    0
ksoftirqd/53   ,    0
kworker/53:0H-e,    0
cpuhp/54       ,    0
migration/54   ,    0
ksoftirqd/54   ,    0
kworker/54:0H-e,    0
cpuhp/55       ,    0
migration/55   ,    0
ksoftirqd/55   ,    0
kworker/55:0H-e,    0
cpuhp/56       ,    0
migration/56   ,    0
ksoftirqd/56   ,    0
kworker/56:0H-e,    0
cpuhp/57       ,    0
migration/57   ,    0
ksoftirqd/57   ,    0
kworker/57:0H-k,    0
cpuhp/58       ,    0
migration/58   ,    0
ksoftirqd/58   ,    0
kworker/58:0H-e,    0
cpuhp/59       ,    0
migration/59   ,    0
ksoftirqd/59   ,    0
kworker/59:0H-e,    0
cpuhp/60       ,    0
migration/60   ,    0
ksoftirqd/60   ,    0
kworker/60:0H-e,    0
cpuhp/61       ,    0
migration/61   ,    0
ksoftirqd/61   ,    0
kworker/61:0H-e,    0
cpuhp/62       ,    0
migration/62   ,    0
ksoftirqd/62   ,    0
kworker/62:0H-e,    0
cpuhp/63       ,    0
migration/63   ,    0
ksoftirqd/63   ,    0
kworker/63:0H-e,    0
cpuhp/64       ,    0
migration/64   ,    0
ksoftirqd/64   ,    0
kworker/64:0H-e,    0
cpuhp/65       ,    0
migration/65   ,    0
ksoftirqd/65   ,    0
kworker/65:0H-e,    0
cpuhp/66       ,    0
migration/66   ,    0
ksoftirqd/66   ,    0
kworker/66:0H-e,    0
cpuhp/67       ,    0
migration/67   ,    0
ksoftirqd/67   ,    0
kworker/67:0H-e,    0
cpuhp/68       ,    0
migration/68   ,    0
ksoftirqd/68   ,    0
kworker/68:0H-e,    0
cpuhp/69       ,    0
migration/69   ,    0
ksoftirqd/69   ,    0
kworker/69:0H-e,    0
cpuhp/70       ,    0
migration/70   ,    0
ksoftirqd/70   ,    0
kworker/70:0H-e,    0
cpuhp/71       ,    0
migration/71   ,    0
ksoftirqd/71   ,    0
kworker/71:0H-e,    0
cpuhp/72       ,    0
migration/72   ,    0
ksoftirqd/72   ,    0
kworker/72:0H-e,    0
cpuhp/73       ,    0
migration/73   ,    0
ksoftirqd/73   ,    0
kworker/73:0H-e,    0
cpuhp/74       ,    0
migration/74   ,    0
ksoftirqd/74   ,    0
kworker/74:0H-e,    0
cpuhp/75       ,    0
migration/75   ,    0
ksoftirqd/75   ,    0
kworker/75:0H-e,    0
cpuhp/76       ,    0
migration/76   ,    0
ksoftirqd/76   ,    0
kworker/76:0H-e,    0
cpuhp/77       ,    0
migration/77   ,    0
ksoftirqd/77   ,    0
kworker/77:0H-e,    0
cpuhp/78       ,    0
migration/78   ,    0
ksoftirqd/78   ,    0
kworker/78:0H-e,    0
cpuhp/79       ,    0
migration/79   ,    0
ksoftirqd/79   ,    0
kworker/79:0H-e,    0
kdevtmpfs      ,    0
netns          ,    0
kauditd        ,    0
khungtaskd     ,    0
oom_reaper     ,    0
writeback      ,    0
kcompactd0     ,    0
kcompactd1     ,    0
ksmd           ,    0
cryptd         ,    0
kintegrityd    ,    0
kblockd        ,    0
blkcg_punt_bio ,    0
tpm_dev_wq     ,    0
md             ,    0
edac-poller    ,    0
watchdogd      ,    0
kworker/0:1H-kb,    0
kswapd0        ,    0
kswapd1        ,    0
kthrotld       ,    0
irq/34-pciehp  ,    0
irq/35-pciehp  ,    0
irq/36-pciehp  ,    0
irq/37-pciehp  ,    0
acpi_thermal_pm,    0
kmpath_rdacd   ,    0
kaluad         ,    0
kworker/1:1H-kb,    0
ipv6_addrconf  ,    0
kstrp          ,    0
zswap-shrink   ,    0
kworker/u163:0 ,    0
kworker/u164:0 ,    0
kworker/u165:0 ,    0
kworker/62:1H-k,    0
kworker/59:1H-k,    0
kworker/58:1H-k,    0
kworker/64:1H-k,    0
kworker/66:1H-k,    0
kworker/67:1H-k,    0
kworker/71:1H-k,    0
kworker/2:1H-kb,    0
kworker/4:1H-kb,    0
kworker/6:1H-kb,    0
kworker/63:1H-k,    0
kworker/48:1H-k,    0
kworker/50:1H-x,    0
kworker/21:1H-k,    0
kworker/7:1H-kb,    0
kworker/14:1H-k,    0
ata_sff        ,    0
scsi_eh_0      ,    0
scsi_tmf_0     ,    0
i40e           ,    0
kworker/18:1H-k,    0
scsi_eh_1      ,    0
scsi_tmf_1     ,    0
scsi_eh_2      ,    0
scsi_tmf_2     ,    0
scsi_eh_3      ,    0
scsi_tmf_3     ,    0
scsi_eh_4      ,    0
scsi_tmf_4     ,    0
scsi_eh_5      ,    0
scsi_tmf_5     ,    0
scsi_eh_6      ,    0
scsi_tmf_6     ,    0
scsi_eh_7      ,    0
scsi_tmf_7     ,    0
scsi_eh_8      ,    0
scsi_tmf_8     ,    0
scsi_eh_9      ,    0
scsi_tmf_9     ,    0
scsi_eh_10     ,    0
scsi_tmf_10    ,    0
scsi_eh_11     ,    0
scsi_tmf_11    ,    0
scsi_eh_12     ,    0
scsi_tmf_12    ,    0
scsi_eh_13     ,    0
scsi_tmf_13    ,    0
scsi_eh_14     ,    0
scsi_tmf_14    ,    0
poll_megasas0_s,    0
kworker/41:1H-k,    0
kworker/46:1H-k,    0
kworker/24:1H-k,    0
kworker/10:1H-k,    0
kworker/43:1H-k,    0
kworker/16:1H-k,    0
kworker/47:1H-k,    0
kworker/57:1H-k,    0
kworker/51:1H-k,    0
kworker/5:1H-kb,    0
kworker/9:1H-kb,    0
kworker/45:1H-x,    0
kworker/8:1H-kb,    0
kworker/27:1H-k,    0
kworker/44:1H-k,    0
kworker/69:1H-k,    0
kworker/56:1H-k,    0
kworker/40:1H-k,    0
kworker/17:1H-k,    0
kworker/35:1H-k,    0
kworker/15:1H-k,    0
kworker/26:1H-k,    0
kworker/55:1H-k,    0
kworker/11:1H-k,    0
xfsalloc       ,    0
xfs_mru_cache  ,    0
xfs-buf/sdf2   ,    0
xfs-conv/sdf2  ,    0
xfs-cil/sdf2   ,    0
xfs-reclaim/sdf,    0
xfs-eofblocks/s,    0
xfs-log/sdf2   ,    0
xfsaild/sdf2   ,    0
kworker/19:1H-x,    0
kworker/13:1H-k,    0
kworker/49:1H-k,    0
kworker/36:1H-k,    0
kworker/78:1H-k,    0
kworker/52:1H-k,    0
kworker/79:1H-x,    0
kworker/75:1H-k,    0
kworker/20:1H-k,    0
kworker/68:1H-k,    0
kworker/60:1H-k,    0
kworker/22:1H-k,    0
kworker/61:1H-k,    0
kworker/65:1H-k,    0
kworker/74:1H-k,    0
kworker/70:1H-k,    0
kworker/28:1H-k,    0
kworker/54:1H-x,    0
kdmflush       ,    0
kdmflush       ,    0
kdmflush       ,    0
kdmflush       ,    0
kdmflush       ,    0
kdmflush       ,    0
kworker/3:1H-kb,    0
kipmi0         ,    0
kworker/53:1H-x,    0
kworker/76:1H-x,    0
kworker/37:1H-k,    0
kworker/77:1H-k,    0
kworker/12:1H-k,    0
nfit           ,    0
kworker/38:1H-k,    0
kworker/73:1H-k,    0
xfs-buf/sdf3   ,    0
xfs-conv/sdf3  ,    0
xfs-cil/sdf3   ,    0
xfs-reclaim/sdf,    0
xfs-eofblocks/s,    0
xfs-log/sdf3   ,    0
xfsaild/sdf3   ,    0
xfs-buf/sdf5   ,    0
xfs-conv/sdf5  ,    0
xfs-cil/sdf5   ,    0
xfs-reclaim/sdf,    0
xfs-eofblocks/s,    0
xfs-log/sdf5   ,    0
xfsaild/sdf5   ,    0
kworker/42:1H-k,    0
kworker/29:1H-k,    0
kworker/23:1H-k,    0
rpciod         ,    0
xprtiod        ,    0
kworker/32:1H-k,    0
kworker/30:1H-k,    0
kworker/25:1H-x,    0
kworker/72:1H-k,    0
kworker/31:1H-k,    0
kworker/33:1H-k,    0
kworker/39:1H-k,    0
kworker/34:1H-k,    0
vfio-irqfd-clea,    0
iavf           ,    0
kworker/63:2-kv,    0
kworker/2:2-mm_,    0
kworker/23:1-kv,    0
kworker/78:0-kv,    0
kworker/22:0-kv,    0
kworker/70:1-kv,    0
kworker/38:2-mm,    0
kworker/74:0-mm,    0
kworker/64:2-mm,    0
kworker/2:3-cgr,    0
kworker/37:0-ev,    0
kworker/64:0   ,    0
kworker/54:1-kv,    0
kworker/1:2-mm_,    0
kworker/47:2-rc,    0
kworker/73:0-kv,    0
kworker/67:2-cg,    0
kworker/63:0-mm,    0
kworker/22:1-mm,    0
kworker/47:1-kv,    0
kworker/30:2-kv,    0
kworker/36:2-kv,    0
kworker/58:0-kv,    0
kworker/76:0-mm,    0
kworker/70:2-mm,    0
kworker/35:2-kv,    0
kworker/37:1-xf,    0
kworker/35:1-mm,    0
kworker/58:1-ev,    0
kworker/27:2-kv,    0
kworker/78:2-mm,    0
kworker/65:0   ,    0
kworker/4:1-kvm,    0
kworker/79:2-kv,    0
kworker/28:1-mm,    0
kworker/3:2-kvm,    0
kworker/72:1-kv,    0
kworker/39:0-ev,    0
kworker/59:1-kv,    0
kworker/30:1-mm,    0
kworker/33:0-cg,    0
kworker/20:2-kv,    0
kworker/u162:0-,    0
kvm-nx-lpage-re,    0
vhost-750805   ,    0
kvm-pit/750805 ,    0
kvm-nx-lpage-re,    0
vhost-751159   ,    0
kvm-pit/751159 ,    0
kvm-nx-lpage-re,    0
vhost-751577   ,    0
kvm-pit/751577 ,    0
kvm-nx-lpage-re,    0
kvm-nx-lpage-re,    0
vhost-751722   ,    0
vhost-751725   ,    0
kvm-pit/751725 ,    0
kvm-pit/751722 ,    0
kvm-nx-lpage-re,    0
vhost-752113   ,    0
kvm-pit/752113 ,    0
kworker/52:0-rc,    0
kworker/8:0-kvm,    0
kworker/10:0-kv,    0
kworker/15:1-kv,    0
kworker/61:1-kv,    0
kworker/60:0-kv,    0
kworker/69:0-kv,    0
kworker/71:2-kv,    0
kworker/74:3-cg,    0
kworker/77:1-mm,    0
kworker/12:2-kv,    0
kworker/54:2-mm,    0
kworker/55:2-rc,    0
kworker/21:0-kv,    0
kworker/46:0-rc,    0
kworker/50:2-rc,    0
kworker/51:2-kv,    0
kworker/19:0-kv,    0
kworker/75:2-kv,    0
kworker/6:0-kvm,    0
kworker/36:1-xf,    0
kworker/20:0-mm,    0
kworker/0:1-kvm,    0
kworker/40:2-kv,    0
kworker/8:1-mm_,    0
kworker/23:0-mm,    0
kworker/5:1-kvm,    0
kworker/26:1-mm,    0
kworker/42:0-kv,    0
kworker/13:2-kv,    0
kworker/12:1-mm,    0
kworker/14:1-kv,    0
kworker/66:0-kv,    0
kworker/61:2-mm,    0
kworker/49:2-kv,    0
kworker/21:1-mm,    0
kworker/75:1-mm,    0
kworker/51:1-mm,    0
kworker/10:1-mm,    0
kworker/56:1-rc,    0
kworker/4:2-eve,    0
kworker/53:0-kv,    0
kworker/60:2-mm,    0
kworker/34:0-kv,    0
kworker/38:1-cg,    0
kworker/79:1-mm,    0
kworker/29:1-rc,    0
kworker/25:1-kv,    0
kworker/50:0-kv,    0
kworker/16:1-mm,    0
kworker/57:2-kv,    0
kworker/28:2   ,    0
kworker/77:2-cg,    0
kworker/48:1-kv,    0
kworker/6:1-mm_,    0
kworker/68:0-kv,    0
kworker/53:2-mm,    0
kworker/18:0-kv,    0
kworker/44:0-kv,    0
kworker/43:2-kv,    0
kworker/59:0-mm,    0
kworker/29:0-xf,    0
kworker/67:3-mm,    0
kworker/33:1-mm,    0
kworker/31:2-kv,    0
kworker/68:2-mm,    0
kworker/46:1-mm,    0
kworker/71:1-mm,    0
kworker/72:0-mm,    0
kworker/24:1-cg,    0
kworker/14:0-ev,    0
kworker/43:1-mm,    0
kworker/66:1-mm,    0
kworker/32:2-kv,    0
kworker/13:1-mm,    0
kworker/16:3-cg,    0
kworker/44:2-mm,    0
kworker/11:2-rc,    0
kworker/31:1-mm,    0
kworker/55:0-kv,    0
kworker/18:1-mm,    0
kworker/9:1-rcu,    0
kworker/49:1-mm,    0
kworker/24:0-mm,    0
kworker/u160:1-,    0
kworker/41:0-kv,    0
kworker/9:0-rcu,    0
kworker/0:2-rcu,    0
kworker/u160:2-,    0
kworker/26:2   ,    0
kworker/1:3-cgr,    0
kworker/5:0-mm_,    0
kworker/57:1-mm,    0
kworker/7:2-kvm,    0
kworker/u161:1-,    0
kworker/27:1-mm,    0
kworker/52:2-xf,    0
kworker/41:1-xf,    0
kworker/73:2-mm,    0
kworker/69:1-mm,    0
kworker/25:2-mm,    0
kworker/62:0-mm,    0
kworker/42:1-mm,    0
kworker/15:2-mm,    0
kworker/17:1-mm,    0
kworker/19:2-mm,    0
kworker/u162:1-,    0
kworker/45:1   ,    0
kworker/17:3-cg,    0
kworker/56:0-kv,    0
kworker/11:1-kv,    0
kworker/48:2-mm,    0
kworker/34:2-xf,    0
kworker/32:1-mm,    0
kworker/u161:0-,    0
kworker/u160:0-,    0
kworker/76:2-xf,    0
kworker/7:1-mm_,    0
kworker/3:0-mm_,    0
kworker/39:2-mm,    0
kworker/62:3-ev,    0
kworker/u161:2-,    0
kworker/45:2-mm,    0
kworker/40:1-mm,    0
kworker/9:2-mm_,    0
kworker/u161:3-,    0
kworker/56:2-mm,    0
kworker/11:0-mm,    0
kworker/50:1-mm,    0
kworker/55:1-mm,    0
kworker/0:0-eve,    0
kworker/47:0-i4,    0
kworker/65:1-mm,    0
